{
  "train_losses": [
    19284.799120136337,
    3403.6838302313113,
    2832.6563383214616,
    2620.7842893114275,
    2410.8668203316483,
    2290.2769028607536,
    2232.3234248142617,
    2090.931634162454,
    2099.459285721124,
    2017.5924680223652,
    1944.0367704503676,
    2008.6998563878676,
    1832.3626981847426,
    1801.7106435738358,
    1687.6007221296722,
    1715.5834710813035,
    1698.9767312442555,
    1557.2500229779412,
    1659.7151292987899,
    1569.9948323567708,
    1523.548663449755,
    1568.985032264859,
    1547.6550644818474,
    1455.5115233178233,
    1397.181194230622,
    1380.181529086244,
    1393.7597574869792,
    1390.1291055118336,
    1329.8717353372012,
    1282.5578664742263,
    1273.4166360294118,
    1263.2448157216988,
    1205.536652359308,
    1222.4591117110906,
    1198.0702038334866,
    1195.1113931094899,
    1110.963375974169,
    1129.6049209893918,
    1125.5091860303692,
    1062.9712003820082,
    1134.0514125150792,
    1034.474856746898,
    1068.9612067727483,
    1000.9468254538143,
    1267.5921409457337,
    1039.3780693502988,
    1020.3826399260877,
    946.729279088039,
    955.6912153655408,
    993.3808195226333
  ],
  "val_losses": [
    4345.9493408203125,
    2767.1104288101196,
    4560.937841415405,
    2185.642660140991,
    2366.401563644409,
    3606.062068939209,
    2870.35866355896,
    2195.745372772217,
    2647.068552017212,
    4577.991840362549,
    2182.0338077545166,
    1639.4512567520142,
    1800.107563495636,
    1618.130410194397,
    1975.713604927063,
    3943.303081512451,
    1745.5442943572998,
    1716.9391632080078,
    1954.2203369140625,
    1859.6409187316895,
    6206.254543304443,
    2257.1791610717773,
    1468.2991409301758,
    1264.9226160049438,
    1133.8888568878174,
    1277.4181966781616,
    1533.7582721710205,
    1695.1171312332153,
    1194.4798936843872,
    1424.8776173591614,
    1651.6054601669312,
    1845.8071813583374,
    1009.8959231376648,
    1644.0560846328735,
    997.631965637207,
    1542.2162103652954,
    4234.384220123291,
    1819.8114070892334,
    892.6932678222656,
    1520.321689605713,
    1282.1652460098267,
    792.7864327430725,
    4428.5983810424805,
    3982.4753284454346,
    972.5924253463745,
    3203.027898788452,
    3079.91902923584,
    1034.7305135726929,
    962.9689974784851,
    2208.8223247528076
  ],
  "config": {
    "learning_rate": 0.0001,
    "batch_size": 32,
    "num_epochs": 50,
    "weight_decay": 0.0001,
    "scheduler_patience": 10,
    "early_stopping_patience": 15,
    "save_dir": "models",
    "log_dir": "logs",
    "image_dirs": [
      "/content/drive/MyDrive/data/processed/2019_01_15",
      "/content/drive/MyDrive/data/processed/2019_01_16",
      "/content/drive/MyDrive/data/processed/2019_01_17",
      "/content/drive/MyDrive/data/processed/2019_01_18",
      "/content/drive/MyDrive/data/processed/2019_01_19",
      "/content/drive/MyDrive/data/processed/2019_01_20"
    ],
    "irradiance_files": [
      "/content/drive/MyDrive/GIRASOL_DATASET/2019_01_15/pyranometer/2019_01_15.csv",
      "/content/drive/MyDrive/GIRASOL_DATASET/2019_01_16/pyranometer/2019_01_16.csv",
      "/content/drive/MyDrive/GIRASOL_DATASET/2019_01_17/pyranometer/2019_01_17.csv",
      "/content/drive/MyDrive/GIRASOL_DATASET/2019_01_18/pyranometer/2019_01_18.csv",
      "/content/drive/MyDrive/GIRASOL_DATASET/2019_01_19/pyranometer/2019_01_19.csv",
      "/content/drive/MyDrive/GIRASOL_DATASET/2019_01_20/pyranometer/2019_01_20.csv"
    ]
  }
}