{
  "train_losses": [
    140300.19659372704,
    89065.11349981057,
    53219.32577780584,
    31722.287792896997,
    18483.66194814532,
    10170.300670319388,
    5296.994391295176,
    2777.0430395032445,
    1830.5297027952263,
    1658.0153345717656,
    1584.702706319457,
    1524.0150367215483,
    1518.25565425472,
    1485.5885496342735,
    1429.9805174839487,
    1442.4451533881643,
    1412.5385280634357,
    1424.9657473662949,
    1367.3648226601335,
    1336.8199384858904,
    1328.6566614001047,
    1337.3207369617292,
    1314.7420502305995,
    1332.7221511807186,
    1307.3462744578992,
    1278.7492198520858,
    1279.3948163684897,
    1271.4129737209346,
    1251.7722453176932,
    1237.7836483750073,
    1234.6103737275448,
    1222.8271208012657,
    1215.8424506507665,
    1253.8114531080482,
    1227.1263974001265,
    1213.9555477913123,
    1210.1930097121688,
    1196.180983111895,
    1219.6150800739993,
    1198.325531018192,
    1209.5460529963643,
    1199.534525642423,
    1188.6568369420463,
    1148.0907115322452,
    1133.2116964372442,
    1152.0660334848465,
    1150.1703026675548,
    1148.0805892238013,
    1163.6172265337987,
    1175.5707787976905
  ],
  "val_losses": [
    112591.29133464307,
    68857.8226512008,
    40720.68981345476,
    24251.428507247907,
    13738.175208050272,
    7275.80750157214,
    3712.2236795033186,
    2082.4256344357054,
    1662.1529054025366,
    1603.3566868890746,
    1483.898730465164,
    1500.152898786211,
    1461.0064715016742,
    1427.177796503912,
    1413.7265757505818,
    1398.654083072649,
    1427.525685257693,
    1368.7519377048372,
    1329.6672819072576,
    1328.4761551028832,
    1301.515067579043,
    1299.9610915761157,
    1284.390557043701,
    1336.1213879344325,
    1271.5218621510596,
    1266.7881614425066,
    1290.6081122321052,
    1237.9550564650503,
    1219.4881235160783,
    1226.5002891997754,
    1230.9382661131378,
    1167.0401832410228,
    1218.7021179916435,
    1227.408743171378,
    1198.655403128242,
    1206.4218431376403,
    1184.7600298566629,
    1208.0698886606865,
    1196.8568628134094,
    1186.98693645939,
    1194.6132847643628,
    1196.255736049558,
    1194.4940308728874,
    1116.7151229446,
    1121.0602132167435,
    1136.5915238932914,
    1137.4461688300557,
    1137.9505057687904,
    1147.309366031203,
    1166.1146702211695
  ],
  "config": {
    "sequence_length": 20,
    "forecast_horizon": 4,
    "learning_rate": 0.0001,
    "batch_size": 64,
    "num_epochs": 50,
    "lstm_hidden_size": 128,
    "lstm_num_layers": 2,
    "dropout": 0.2,
    "weight_decay": 0.0001,
    "scheduler_patience": 10,
    "early_stopping_patience": 15,
    "save_dir": "models",
    "log_dir": "logs",
    "irradiance_files": [
      "/content/drive/MyDrive/GIRASOL_DATASET/2019_01_15/pyranometer/2019_01_15.csv",
      "/content/drive/MyDrive/GIRASOL_DATASET/2019_01_16/pyranometer/2019_01_16.csv",
      "/content/drive/MyDrive/GIRASOL_DATASET/2019_01_17/pyranometer/2019_01_17.csv",
      "/content/drive/MyDrive/GIRASOL_DATASET/2019_01_18/pyranometer/2019_01_18.csv",
      "/content/drive/MyDrive/GIRASOL_DATASET/2019_01_19/pyranometer/2019_01_19.csv",
      "/content/drive/MyDrive/GIRASOL_DATASET/2019_01_20/pyranometer/2019_01_20.csv"
    ]
  }
}